timestep,oracolap
200,0.05385
2000,0.5064
3800,2.289
5600,3.3614
7400,6.55355
9200,11.97185
11000,15.66805
12800,19.18675
14600,23.694
16400,28.31915
18200,30.42445
19400,30.9837
