timestep,oracolap
200,0.20122
1400,0.43486
2600,1.64716
3800,2.52898
5000,3.19138
6200,4.38966
7400,7.4034
8600,11.55544
9800,14.59646
12200,20.73648
15800,30.44714
19400,34.42978
